Conta;Data;Valor de Entrada;Valor de Saída;Saldo Diário;Saldo Diário com Rendimento
Conta A;2022-07-01;65167.32;443.09;64724.23;64733.94
Conta A;2022-07-02;23638.03;44952.65;43409.61;43416.12
Conta A;2022-07-03;87169.54;41029.6;89549.55;89562.98
Conta A;2022-07-04;28262.93;21789.17;96023.31;96037.71
Conta A;2022-07-05;20676.55;23768.03;92931.83;92945.77
Conta A;2022-07-06;58229.44;48826.85;102334.42;102349.77
Conta A;2022-07-07;21873.04;26372.27;97835.19;97849.87
Conta A;2022-07-08;52420.21;17918.51;132336.89;132356.74
Conta A;2022-07-09;3933.34;6615.63;129654.6;129674.05
Conta A;2022-07-10;45363.21;0.0;175017.81;175044.06
Conta A;2022-07-11;24214.81;19803.71;179428.91;179455.82
Conta A;2022-07-12;6879.05;42495.23;143812.73;143834.3
Conta A;2022-07-13;2804.97;48963.7;97654.0;97668.65
Conta A;2022-07-14;28931.25;18413.53;108171.72;108187.95
Conta A;2022-07-15;18989.32;114.66;127046.38;127065.44
Conta A;2022-07-16;7747.44;58448.28;76345.54;76356.99
Conta A;2022-07-17;12242.77;40665.45;47922.86;47930.05
Conta A;2022-07-18;20062.09;26965.92;41019.03;41025.18
Conta A;2022-07-19;42765.58;10241.47;73543.14;73554.17
Conta A;2022-07-20;12457.83;21591.86;64409.11;64418.77
Conta A;2022-07-21;0.0;20195.04;44214.07;44220.7
Conta A;2022-07-22;14487.03;96631.76;-37930.66;-37930.66
Conta A;2022-07-23;53890.81;31990.04;-16029.89;-16029.89
Conta A;2022-07-24;32944.89;9761.08;7153.92;7154.99
Conta A;2022-07-25;3222.52;0.0;10376.44;10378.0
Conta A;2022-07-26;46347.16;32517.44;24206.16;24209.79
Conta A;2022-07-27;62346.92;39731.09;46821.99;46829.01
Conta A;2022-07-28;44109.32;55192.72;35738.59;35743.95
Conta A;2022-07-29;12535.83;21812.35;26462.07;26466.04
Conta A;2022-07-30;19706.62;36344.36;9824.33;9825.8
Conta A;2022-07-31;69014.27;28375.87;50462.73;50470.3
Conta A;2022-08-01;36561.57;40135.24;46889.06;46896.09
Conta A;2022-08-02;31032.05;18242.57;59678.54;59687.49
Conta A;2022-08-03;10858.32;2998.26;67538.6;67548.73
Conta A;2022-08-04;24437.94;71396.28;20580.26;20583.35
Conta A;2022-08-05;0.0;3635.94;16944.32;16946.86
Conta A;2022-08-06;8056.97;30315.16;-5313.87;-5313.87
Conta A;2022-08-07;10716.91;36456.27;-31053.23;-31053.23
Conta A;2022-08-08;0.0;18960.76;-50013.99;-50013.99
Conta A;2022-08-09;6699.77;15756.64;-59070.86;-59070.86
Conta A;2022-08-10;31649.34;12514.6;-39936.12;-39936.12
Conta A;2022-08-11;15915.85;12967.15;-36987.42;-36987.42
Conta A;2022-08-12;22156.41;21856.03;-36687.04;-36687.04
Conta A;2022-08-13;23798.96;57849.54;-70737.62;-70737.62
Conta A;2022-08-14;33090.74;54201.42;-91848.3;-91848.3
Conta A;2022-08-15;25235.47;10188.6;-76801.43;-76801.43
Conta A;2022-08-16;11242.41;83647.28;-149206.3;-149206.3
Conta A;2022-08-17;38243.39;0.0;-110962.91;-110962.91
Conta A;2022-08-18;75247.91;29039.77;-64754.77;-64754.77
Conta A;2022-08-19;0.0;35988.1;-100742.87;-100742.87
Conta A;2022-08-20;34246.6;52018.52;-118514.79;-118514.79
Conta A;2022-08-21;5785.63;33331.36;-146060.52;-146060.52
Conta A;2022-08-22;60721.49;501.94;-85840.97;-85840.97
Conta A;2022-08-23;6767.28;90480.48;-169554.17;-169554.17
Conta A;2022-08-24;43261.7;31023.57;-157316.04;-157316.04
Conta A;2022-08-25;40980.59;19260.02;-135595.47;-135595.47
Conta A;2022-08-26;30353.19;13051.01;-118293.29;-118293.29
Conta A;2022-08-27;42793.85;13233.15;-88732.59;-88732.59
Conta A;2022-08-28;72561.29;17241.47;-33412.77;-33412.77
Conta A;2022-08-29;61096.19;44822.88;-17139.46;-17139.46
Conta A;2022-08-30;19849.69;0.0;2710.23;2710.64
Conta A;2022-08-31;9727.43;37158.16;-24720.5;-24720.5
Conta A;2022-09-01;1592.25;14710.15;-37838.4;-37838.4
Conta A;2022-09-02;15658.33;31361.49;-53541.56;-53541.56
Conta A;2022-09-03;15105.8;23453.24;-61889.0;-61889.0
Conta A;2022-09-04;36479.6;0.0;-25409.4;-25409.4
Conta A;2022-09-05;29177.78;68006.47;-64238.09;-64238.09
Conta A;2022-09-06;12487.03;39986.0;-91737.06;-91737.06
Conta A;2022-09-07;35188.98;10658.9;-67206.98;-67206.98
Conta A;2022-09-08;0.0;35666.44;-102873.42;-102873.42
Conta A;2022-09-09;32579.65;32097.15;-102390.92;-102390.92
Conta A;2022-09-10;24518.33;20999.86;-98872.45;-98872.45
Conta A;2022-09-11;34872.86;50110.06;-114109.65;-114109.65
Conta A;2022-09-12;53728.49;45439.63;-105820.79;-105820.79
Conta A;2022-09-13;49428.04;22306.11;-78698.86;-78698.86
Conta A;2022-09-14;24958.59;29181.92;-82922.19;-82922.19
Conta A;2022-09-15;0.0;17829.34;-100751.53;-100751.53
Conta A;2022-09-16;11579.95;65748.19;-154919.77;-154919.77
Conta A;2022-09-17;19275.17;30488.03;-166132.63;-166132.63
Conta A;2022-09-18;40943.39;8864.51;-134053.75;-134053.75
Conta A;2022-09-19;25335.71;45193.78;-153911.82;-153911.82
Conta A;2022-09-20;6906.71;27692.66;-174697.77;-174697.77
Conta A;2022-09-21;24923.97;28340.55;-178114.35;-178114.35
Conta A;2022-09-22;30215.04;1374.55;-149273.86;-149273.86
Conta A;2022-09-23;19227.65;29017.88;-159064.09;-159064.09
Conta A;2022-09-24;8317.08;24192.65;-174939.66;-174939.66
Conta A;2022-09-25;14657.0;49032.37;-209315.03;-209315.03
Conta A;2022-09-26;38643.57;6848.23;-177519.69;-177519.69
Conta A;2022-09-27;10764.74;36041.76;-202796.71;-202796.71
Conta A;2022-09-28;30693.37;17953.93;-190057.27;-190057.27
Conta A;2022-09-29;634.07;37409.36;-226832.56;-226832.56
Conta A;2022-09-30;29285.11;331.69;-197879.14;-197879.14
Conta A;2022-10-01;81616.48;33633.59;-149896.25;-149896.25
Conta A;2022-10-02;51892.44;24932.25;-122936.06;-122936.06
Conta A;2022-10-03;33907.83;14706.86;-103735.09;-103735.09
Conta A;2022-10-04;11407.78;17725.55;-110052.86;-110052.86
Conta A;2022-10-05;53960.97;9637.47;-65729.36;-65729.36
Conta A;2022-10-06;19918.99;6386.19;-52196.56;-52196.56
Conta A;2022-10-07;24509.68;11003.11;-38689.99;-38689.99
Conta A;2022-10-08;18597.8;0.0;-20092.19;-20092.19
Conta A;2022-10-09;62735.15;17187.32;25455.64;25459.46
Conta A;2022-10-10;63155.08;10616.1;77994.62;78006.32
Conta A;2022-10-11;37151.45;0.0;115146.07;115163.34
Conta A;2022-10-12;26519.99;11611.78;130054.28;130073.79
Conta A;2022-10-13;31555.45;2213.72;159396.01;159419.92
Conta A;2022-10-14;17011.1;20492.34;155914.77;155938.16
Conta A;2022-10-15;10772.79;52928.55;113759.01;113776.07
Conta A;2022-10-16;3869.33;15912.41;101715.93;101731.19
Conta A;2022-10-17;7898.82;16825.26;92789.49;92803.41
Conta A;2022-10-18;11550.63;5130.42;99209.7;99224.58
Conta A;2022-10-19;21097.03;41149.68;79157.05;79168.92
Conta A;2022-10-20;26860.17;64035.45;41981.77;41988.07
Conta A;2022-10-21;11622.8;28482.08;25122.49;25126.26
Conta A;2022-10-22;24673.03;9776.98;40018.54;40024.54
Conta A;2022-10-23;63497.79;28814.8;74701.53;74712.74
Conta A;2022-10-24;31268.76;26497.83;79472.46;79484.38
Conta A;2022-10-25;31426.31;31012.33;79886.44;79898.42
Conta A;2022-10-26;16445.18;35964.13;60367.49;60376.55
Conta A;2022-10-27;18980.05;31056.19;48291.35;48298.59
Conta A;2022-10-28;0.0;9097.34;39194.01;39199.89
Conta A;2022-10-29;25029.19;45439.79;18783.41;18786.23
Conta A;2022-10-30;17035.24;42483.93;-6665.28;-6665.28
Conta A;2022-10-31;20653.1;40362.74;-26374.92;-26374.92
Conta A;2022-11-01;35168.65;0.0;8793.73;8795.05
Conta A;2022-11-02;2373.81;34802.19;-23634.65;-23634.65
Conta A;2022-11-03;53799.18;53143.79;-22979.26;-22979.26
Conta A;2022-11-04;16973.71;23032.05;-29037.6;-29037.6
Conta A;2022-11-05;16972.88;46153.18;-58217.9;-58217.9
Conta A;2022-11-06;15221.39;2630.3;-45626.81;-45626.81
Conta A;2022-11-07;4887.37;24855.39;-65594.83;-65594.83
Conta A;2022-11-08;44215.3;3147.67;-24527.2;-24527.2
Conta A;2022-11-09;33239.31;37351.6;-28639.49;-28639.49
Conta A;2022-11-10;33849.74;25898.07;-20687.82;-20687.82
Conta A;2022-11-11;27097.5;19332.56;-12922.88;-12922.88
Conta A;2022-11-12;39106.45;20977.28;5206.29;5207.07
Conta A;2022-11-13;25430.73;61948.47;-31311.45;-31311.45
Conta A;2022-11-14;18332.07;48640.79;-61620.17;-61620.17
Conta A;2022-11-15;28007.88;59797.72;-93410.01;-93410.01
Conta A;2022-11-16;24803.41;35110.55;-103717.15;-103717.15
Conta A;2022-11-17;25123.27;47073.15;-125667.03;-125667.03
Conta A;2022-11-18;23820.4;13866.19;-115712.82;-115712.82
Conta A;2022-11-19;40409.56;33958.37;-109261.63;-109261.63
Conta A;2022-11-20;8822.39;17508.24;-117947.48;-117947.48
Conta A;2022-11-21;13757.34;10387.34;-114577.48;-114577.48
Conta A;2022-11-22;17402.42;36633.05;-133808.11;-133808.11
Conta A;2022-11-23;55254.99;28065.27;-106618.39;-106618.39
Conta A;2022-11-24;26946.65;56678.74;-136350.48;-136350.48
Conta A;2022-11-25;60694.64;235.0;-75890.84;-75890.84
Conta A;2022-11-26;19033.11;5378.05;-62235.78;-62235.78
Conta A;2022-11-27;23598.72;46631.49;-85268.55;-85268.55
Conta A;2022-11-28;23925.78;11036.05;-72378.82;-72378.82
Conta A;2022-11-29;16795.78;57517.34;-113100.38;-113100.38
Conta A;2022-11-30;17698.55;22139.83;-117541.66;-117541.66
Conta A;2022-12-01;14178.19;9960.96;-113324.43;-113324.43
Conta A;2022-12-02;12519.0;13957.94;-114763.37;-114763.37
Conta A;2022-12-03;67094.87;25720.19;-73388.69;-73388.69
Conta A;2022-12-04;35339.97;7155.69;-45204.41;-45204.41
Conta A;2022-12-05;11968.48;25655.89;-58891.82;-58891.82
Conta A;2022-12-06;32071.08;16289.58;-43110.32;-43110.32
Conta A;2022-12-07;30349.02;0.0;-12761.3;-12761.3
Conta A;2022-12-08;37544.97;45029.0;-20245.33;-20245.33
Conta A;2022-12-09;25409.3;59612.56;-54448.59;-54448.59
Conta A;2022-12-10;46988.6;11387.4;-18847.39;-18847.39
Conta A;2022-12-11;21797.3;33987.7;-31037.79;-31037.79
Conta A;2022-12-12;4031.76;247.13;-27253.16;-27253.16
Conta A;2022-12-13;62217.75;24292.91;10671.68;10673.28
Conta A;2022-12-14;63656.24;49925.31;24402.61;24406.27
Conta A;2022-12-15;3655.15;0.0;28057.76;28061.97
Conta A;2022-12-16;0.0;38995.86;-10938.1;-10938.1
Conta A;2022-12-17;43701.0;34745.37;-1982.47;-1982.47
Conta A;2022-12-18;56880.33;86507.47;-31609.61;-31609.61
Conta A;2022-12-19;23557.4;12303.31;-20355.52;-20355.52
Conta A;2022-12-20;11894.76;53364.43;-61825.19;-61825.19
Conta A;2022-12-21;41290.9;6135.5;-26669.79;-26669.79
Conta A;2022-12-22;26593.58;4009.94;-4086.15;-4086.15
Conta A;2022-12-23;14084.86;23646.41;-13647.7;-13647.7
Conta A;2022-12-24;18750.09;39518.52;-34416.13;-34416.13
Conta A;2022-12-25;32727.26;72991.34;-74680.21;-74680.21
Conta A;2022-12-26;36786.39;24202.02;-62095.84;-62095.84
Conta A;2022-12-27;40640.42;10131.89;-31587.31;-31587.31
Conta A;2022-12-28;25017.69;45501.58;-52071.2;-52071.2
Conta A;2022-12-29;0.0;49893.79;-101964.99;-101964.99
Conta A;2022-12-30;8523.19;39252.95;-132694.75;-132694.75
Conta A;2022-12-31;18389.62;2722.45;-117027.58;-117027.58
Conta B;2022-07-01;22252.32;13928.96;8323.36;8324.61
Conta B;2022-07-02;7171.58;11333.87;4161.07;4161.69
Conta B;2022-07-03;20515.53;22591.14;2085.46;2085.77
Conta B;2022-07-04;49076.05;31245.38;19916.13;19919.12
Conta B;2022-07-05;0.0;35553.04;-15636.91;-15636.91
Conta B;2022-07-06;0.0;70568.75;-86205.66;-86205.66
Conta B;2022-07-07;47843.65;60997.13;-99359.14;-99359.14
Conta B;2022-07-08;40210.21;10500.27;-69649.2;-69649.2
Conta B;2022-07-09;13617.75;56202.82;-112234.27;-112234.27
Conta B;2022-07-10;15870.32;27242.45;-123606.4;-123606.4
Conta B;2022-07-11;12792.37;25063.62;-135877.65;-135877.65
Conta B;2022-07-12;19311.59;23085.06;-139651.12;-139651.12
Conta B;2022-07-13;0.0;71810.63;-211461.75;-211461.75
Conta B;2022-07-14;20825.88;3901.65;-194537.52;-194537.52
Conta B;2022-07-15;33762.49;37485.46;-198260.49;-198260.49
Conta B;2022-07-16;39108.39;36115.34;-195267.44;-195267.44
Conta B;2022-07-17;32632.86;46991.01;-209625.59;-209625.59
Conta B;2022-07-18;14688.63;22472.46;-217409.42;-217409.42
Conta B;2022-07-19;46489.31;35407.81;-206327.92;-206327.92
Conta B;2022-07-20;39262.65;12587.35;-179652.62;-179652.62
Conta B;2022-07-21;24440.36;31382.04;-186594.3;-186594.3
Conta B;2022-07-22;30273.31;85053.41;-241374.4;-241374.4
Conta B;2022-07-23;41599.15;32217.92;-231993.17;-231993.17
Conta B;2022-07-24;37873.0;32618.23;-226738.4;-226738.4
Conta B;2022-07-25;18135.76;17981.18;-226583.82;-226583.82
Conta B;2022-07-26;56263.36;17253.55;-187574.01;-187574.01
Conta B;2022-07-27;60392.2;43217.48;-170399.29;-170399.29
Conta B;2022-07-28;18644.65;61603.53;-213358.17;-213358.17
Conta B;2022-07-29;31909.09;0.0;-181449.08;-181449.08
Conta B;2022-07-30;11775.85;0.0;-169673.23;-169673.23
Conta B;2022-07-31;51344.57;15137.96;-133466.62;-133466.62
Conta B;2022-08-01;62550.84;35588.3;-106504.08;-106504.08
Conta B;2022-08-02;37185.38;30908.63;-100227.33;-100227.33
Conta B;2022-08-03;29989.26;28486.75;-98724.82;-98724.82
Conta B;2022-08-04;11345.55;0.0;-87379.27;-87379.27
Conta B;2022-08-05;15515.75;39021.58;-110885.1;-110885.1
Conta B;2022-08-06;45903.61;28328.31;-93309.8;-93309.8
Conta B;2022-08-07;61343.37;33008.14;-64974.57;-64974.57
Conta B;2022-08-08;16414.58;26683.13;-75243.12;-75243.12
Conta B;2022-08-09;11596.67;77099.51;-140745.96;-140745.96
Conta B;2022-08-10;16378.83;20048.49;-144415.62;-144415.62
Conta B;2022-08-11;24387.86;0.0;-120027.76;-120027.76
Conta B;2022-08-12;50039.62;75735.01;-145723.15;-145723.15
Conta B;2022-08-13;0.0;25539.9;-171263.05;-171263.05
Conta B;2022-08-14;0.0;42937.5;-214200.55;-214200.55
Conta B;2022-08-15;71298.15;19404.31;-162306.71;-162306.71
Conta B;2022-08-16;14138.03;13187.24;-161355.92;-161355.92
Conta B;2022-08-17;8869.75;25376.87;-177863.04;-177863.04
Conta B;2022-08-18;16465.33;27619.04;-189016.75;-189016.75
Conta B;2022-08-19;43018.79;10537.37;-156535.33;-156535.33
Conta B;2022-08-20;32701.83;0.0;-123833.5;-123833.5
Conta B;2022-08-21;8294.34;0.0;-115539.16;-115539.16
Conta B;2022-08-22;13533.46;26595.28;-128600.98;-128600.98
Conta B;2022-08-23;45056.18;29635.42;-113180.22;-113180.22
Conta B;2022-08-24;64352.74;16887.72;-65715.2;-65715.2
Conta B;2022-08-25;18349.75;19518.32;-66883.77;-66883.77
Conta B;2022-08-26;45431.3;15673.03;-37125.5;-37125.5
Conta B;2022-08-27;41598.48;17682.02;-13209.04;-13209.04
Conta B;2022-08-28;915.21;19094.88;-31388.71;-31388.71
Conta B;2022-08-29;27162.68;22354.44;-26580.47;-26580.47
Conta B;2022-08-30;19112.18;24887.06;-32355.35;-32355.35
Conta B;2022-08-31;13462.88;18227.77;-37120.24;-37120.24
Conta B;2022-09-01;77014.96;44081.89;-4187.17;-4187.17
Conta B;2022-09-02;42123.94;18433.92;19502.85;19505.78
Conta B;2022-09-03;30244.79;15030.54;34717.1;34722.31
Conta B;2022-09-04;22085.13;25220.96;31581.27;31586.01
Conta B;2022-09-05;26802.24;23609.48;34774.03;34779.25
Conta B;2022-09-06;18993.34;12543.78;41223.59;41229.77
Conta B;2022-09-07;21153.32;17035.64;45341.27;45348.07
Conta B;2022-09-08;10622.72;29991.41;25972.58;25976.48
Conta B;2022-09-09;14609.97;48036.2;-7453.65;-7453.65
Conta B;2022-09-10;19932.92;12472.88;6.39;6.39
Conta B;2022-09-11;44931.1;66770.65;-21833.16;-21833.16
Conta B;2022-09-12;54614.26;17909.9;14871.2;14873.43
Conta B;2022-09-13;17335.65;13982.71;18224.14;18226.87
Conta B;2022-09-14;40172.33;41629.02;16767.45;16769.97
Conta B;2022-09-15;33790.13;33456.98;17100.6;17103.17
Conta B;2022-09-16;26371.85;31987.58;11484.87;11486.59
Conta B;2022-09-17;8891.37;19087.27;1288.97;1289.16
Conta B;2022-09-18;26644.39;25139.84;2793.52;2793.94
Conta B;2022-09-19;27303.89;52588.63;-22491.22;-22491.22
Conta B;2022-09-20;28907.61;23692.02;-17275.63;-17275.63
Conta B;2022-09-21;15798.42;34648.75;-36125.96;-36125.96
Conta B;2022-09-22;23766.09;24839.79;-37199.66;-37199.66
Conta B;2022-09-23;37309.07;41128.1;-41018.69;-41018.69
Conta B;2022-09-24;27265.26;14527.44;-28280.87;-28280.87
Conta B;2022-09-25;16145.23;8939.01;-21074.65;-21074.65
Conta B;2022-09-26;10552.78;6538.05;-17059.92;-17059.92
Conta B;2022-09-27;32618.48;10288.98;5269.58;5270.37
Conta B;2022-09-28;22761.78;30967.55;-2936.19;-2936.19
Conta B;2022-09-29;45290.38;41188.91;1165.28;1165.45
Conta B;2022-09-30;589.45;38280.62;-36525.89;-36525.89
Conta B;2022-10-01;12650.85;28645.52;-52520.56;-52520.56
Conta B;2022-10-02;13590.35;0.0;-38930.21;-38930.21
Conta B;2022-10-03;56271.81;24609.05;-7267.45;-7267.45
Conta B;2022-10-04;29000.13;32190.16;-10457.48;-10457.48
Conta B;2022-10-05;27435.84;1572.61;15405.75;15408.06
Conta B;2022-10-06;44410.49;46258.4;13557.84;13559.87
Conta B;2022-10-07;42389.56;0.0;55947.4;55955.79
Conta B;2022-10-08;41459.9;61040.06;36367.24;36372.7
Conta B;2022-10-09;25665.38;9245.87;52786.75;52794.67
Conta B;2022-10-10;48538.87;52373.6;48952.02;48959.36
Conta B;2022-10-11;69081.43;28094.23;89939.22;89952.71
Conta B;2022-10-12;35854.22;2853.84;122939.6;122958.04
Conta B;2022-10-13;50664.04;0.0;173603.64;173629.68
Conta B;2022-10-14;32347.66;45255.78;160695.52;160719.62
Conta B;2022-10-15;51700.1;23046.01;189349.61;189378.01
Conta B;2022-10-16;17450.72;30300.84;176499.49;176525.96
Conta B;2022-10-17;29596.09;22015.0;184080.58;184108.19
Conta B;2022-10-18;15818.24;23733.84;176164.98;176191.4
Conta B;2022-10-19;27016.4;41358.92;161822.46;161846.73
Conta B;2022-10-20;12061.06;32813.04;141070.48;141091.64
Conta B;2022-10-21;0.0;31526.53;109543.95;109560.38
Conta B;2022-10-22;29500.24;59940.17;79104.02;79115.89
Conta B;2022-10-23;11093.89;31473.28;58724.63;58733.44
Conta B;2022-10-24;40802.31;50371.77;49155.17;49162.54
Conta B;2022-10-25;23881.2;0.0;73036.37;73047.33
Conta B;2022-10-26;15892.77;1736.75;87192.39;87205.47
Conta B;2022-10-27;41385.93;29888.46;98689.86;98704.66
Conta B;2022-10-28;24417.23;16977.87;106129.22;106145.14
Conta B;2022-10-29;2966.14;39967.08;69128.28;69138.65
Conta B;2022-10-30;36086.16;0.0;105214.44;105230.22
Conta B;2022-10-31;21415.57;6076.41;120553.6;120571.68
Conta B;2022-11-01;30772.48;14700.52;136625.56;136646.05
Conta B;2022-11-02;31574.27;23205.9;144993.93;145015.68
Conta B;2022-11-03;21041.86;20113.07;145922.72;145944.61
Conta B;2022-11-04;19588.26;49834.73;115676.25;115693.6
Conta B;2022-11-05;36591.16;23280.96;128986.45;129005.8
Conta B;2022-11-06;22406.43;11119.13;140273.75;140294.79
Conta B;2022-11-07;0.0;37735.75;102538.0;102553.38
Conta B;2022-11-08;55909.6;0.0;158447.6;158471.37
Conta B;2022-11-09;25217.98;44936.74;138728.84;138749.65
Conta B;2022-11-10;19687.66;0.0;158416.5;158440.26
Conta B;2022-11-11;17710.19;39802.48;136324.21;136344.66
Conta B;2022-11-12;68184.24;41316.46;163191.99;163216.47
Conta B;2022-11-13;33167.58;10052.92;186306.65;186334.6
Conta B;2022-11-14;18059.61;23158.15;181208.11;181235.29
Conta B;2022-11-15;39367.37;11988.79;208586.69;208617.98
Conta B;2022-11-16;68241.93;13467.83;263360.79;263400.29
Conta B;2022-11-17;28706.64;47839.69;244227.74;244264.37
Conta B;2022-11-18;14820.2;19690.2;239357.74;239393.64
Conta B;2022-11-19;30768.34;0.0;270126.08;270166.6
Conta B;2022-11-20;17392.72;32750.93;254767.87;254806.09
Conta B;2022-11-21;0.0;29377.26;225390.61;225424.42
Conta B;2022-11-22;0.0;50662.39;174728.22;174754.43
Conta B;2022-11-23;19361.5;32146.73;161942.99;161967.28
Conta B;2022-11-24;76657.66;36118.9;202481.75;202512.12
Conta B;2022-11-25;55709.48;29531.23;228660.0;228694.3
Conta B;2022-11-26;56063.24;48822.84;235900.4;235935.79
Conta B;2022-11-27;0.0;47279.84;188620.56;188648.85
Conta B;2022-11-28;41831.4;29459.89;200992.07;201022.22
Conta B;2022-11-29;57298.11;4459.93;253830.25;253868.32
Conta B;2022-11-30;53183.46;33255.25;273758.46;273799.52
Conta B;2022-12-01;15420.71;0.0;289179.17;289222.55
Conta B;2022-12-02;41527.36;0.0;330706.53;330756.14
Conta B;2022-12-03;31756.77;27377.49;335085.81;335136.07
Conta B;2022-12-04;49621.5;5069.35;379637.96;379694.91
Conta B;2022-12-05;14636.94;9068.01;385206.89;385264.67
Conta B;2022-12-06;29318.97;4283.12;410242.74;410304.28
Conta B;2022-12-07;8725.19;16352.95;402614.98;402675.37
Conta B;2022-12-08;33946.73;21518.5;415043.21;415105.47
Conta B;2022-12-09;39212.33;32070.05;422185.49;422248.82
Conta B;2022-12-10;31026.92;38521.77;414690.64;414752.84
Conta B;2022-12-11;2735.49;23603.11;393823.02;393882.09
Conta B;2022-12-12;56983.62;33712.17;417094.47;417157.03
Conta B;2022-12-13;32417.03;42177.27;407334.23;407395.33
Conta B;2022-12-14;14277.83;21634.66;399977.4;400037.4
Conta B;2022-12-15;18288.6;1617.51;416648.49;416710.99
Conta B;2022-12-16;4771.56;39514.35;381905.7;381962.99
Conta B;2022-12-17;28804.8;16522.69;394187.81;394246.94
Conta B;2022-12-18;31925.09;24967.1;401145.8;401205.97
Conta B;2022-12-19;38201.16;66636.5;372710.46;372766.37
Conta B;2022-12-20;3904.19;3778.06;372836.59;372892.52
Conta B;2022-12-21;32332.04;57919.66;347248.97;347301.06
Conta B;2022-12-22;34159.92;7305.85;374103.04;374159.16
Conta B;2022-12-23;40082.6;40658.47;373527.17;373583.2
Conta B;2022-12-24;11307.49;15992.53;368842.13;368897.46
Conta B;2022-12-25;21310.73;24165.16;365987.7;366042.6
Conta B;2022-12-26;63091.57;12235.59;416843.68;416906.21
Conta B;2022-12-27;18603.55;15407.71;420039.52;420102.53
Conta B;2022-12-28;18649.03;24585.89;414102.66;414164.78
Conta B;2022-12-29;12675.83;53019.18;373759.31;373815.37
Conta B;2022-12-30;31780.39;22535.48;383004.22;383061.67
Conta B;2022-12-31;85261.06;17432.87;450832.41;450900.03
Conta C;2022-07-01;33178.67;22233.17;10945.5;10947.14
Conta C;2022-07-02;12905.2;82650.97;-58800.27;-58800.27
Conta C;2022-07-03;68871.29;27071.35;-17000.33;-17000.33
Conta C;2022-07-04;63760.3;25486.18;21273.79;21276.98
Conta C;2022-07-05;0.0;9484.85;11788.94;11790.71
Conta C;2022-07-06;20385.3;1082.18;31092.06;31096.72
Conta C;2022-07-07;0.0;39245.78;-8153.72;-8153.72
Conta C;2022-07-08;34572.46;8187.17;18231.57;18234.3
Conta C;2022-07-09;0.0;6638.59;11592.98;11594.72
Conta C;2022-07-10;15397.6;15039.57;11951.01;11952.8
Conta C;2022-07-11;37146.69;36153.41;12944.29;12946.23
Conta C;2022-07-12;31372.29;43441.86;874.72;874.85
Conta C;2022-07-13;5125.87;0.0;6000.59;6001.49
Conta C;2022-07-14;24906.88;33391.26;-2483.79;-2483.79
Conta C;2022-07-15;26200.33;13053.51;10663.03;10664.63
Conta C;2022-07-16;7018.14;36789.79;-19108.62;-19108.62
Conta C;2022-07-17;5228.71;70674.98;-84554.89;-84554.89
Conta C;2022-07-18;39400.83;19964.13;-65118.19;-65118.19
Conta C;2022-07-19;16658.48;43154.68;-91614.39;-91614.39
Conta C;2022-07-20;18243.47;19096.43;-92467.35;-92467.35
Conta C;2022-07-21;27479.02;10761.16;-75749.49;-75749.49
Conta C;2022-07-22;22581.71;5374.6;-58542.38;-58542.38
Conta C;2022-07-23;46194.71;0.0;-12347.67;-12347.67
Conta C;2022-07-24;49380.15;19953.1;17079.38;17081.94
Conta C;2022-07-25;16006.46;31702.17;1383.67;1383.88
Conta C;2022-07-26;53825.84;17159.8;38049.71;38055.42
Conta C;2022-07-27;23263.44;23058.15;38255.0;38260.74
Conta C;2022-07-28;25191.24;44363.54;19082.7;19085.56
Conta C;2022-07-29;31518.21;20961.76;29639.15;29643.6
Conta C;2022-07-30;40721.7;7106.59;63254.26;63263.75
Conta C;2022-07-31;55046.74;14651.33;103649.67;103665.22
Conta C;2022-08-01;70181.38;118430.57;55400.48;55408.79
Conta C;2022-08-02;17984.84;7323.24;66062.08;66071.99
Conta C;2022-08-03;39419.61;23335.28;82146.41;82158.73
Conta C;2022-08-04;18631.59;19975.13;80802.87;80814.99
Conta C;2022-08-05;24128.31;32421.08;72510.1;72520.98
Conta C;2022-08-06;13395.68;17769.57;68136.21;68146.43
Conta C;2022-08-07;45731.19;20833.64;93033.76;93047.72
Conta C;2022-08-08;45147.89;34251.35;103930.3;103945.89
Conta C;2022-08-09;5810.14;19475.96;90264.48;90278.02
Conta C;2022-08-10;20352.82;22287.26;88330.04;88343.29
Conta C;2022-08-11;29835.42;17217.67;100947.79;100962.93
Conta C;2022-08-12;8756.4;17246.96;92457.23;92471.1
Conta C;2022-08-13;0.0;28235.57;64221.66;64231.29
Conta C;2022-08-14;18694.4;9669.63;73246.43;73257.42
Conta C;2022-08-15;81539.32;46162.44;108623.31;108639.6
Conta C;2022-08-16;30087.06;8728.46;129981.91;130001.41
Conta C;2022-08-17;9696.58;22661.51;117016.98;117034.53
Conta C;2022-08-18;59500.08;38423.72;138093.34;138114.05
Conta C;2022-08-19;27542.41;26025.05;139610.7;139631.64
Conta C;2022-08-20;64025.48;55722.8;147913.38;147935.57
Conta C;2022-08-21;48508.42;17106.71;179315.09;179341.99
Conta C;2022-08-22;59743.01;35150.88;203907.22;203937.81
Conta C;2022-08-23;26455.98;17697.85;212665.35;212697.25
Conta C;2022-08-24;29116.34;15863.88;225917.81;225951.7
Conta C;2022-08-25;10873.48;36591.43;200199.86;200229.89
Conta C;2022-08-26;21531.75;41047.97;180683.64;180710.74
Conta C;2022-08-27;2112.7;6150.57;176645.77;176672.27
Conta C;2022-08-28;20430.02;30068.43;167007.36;167032.41
Conta C;2022-08-29;15726.09;26482.26;156251.19;156274.63
Conta C;2022-08-30;40876.47;30427.45;166700.21;166725.22
Conta C;2022-08-31;66069.19;47485.83;185283.57;185311.36
Conta C;2022-09-01;35897.46;20097.48;201083.55;201113.71
Conta C;2022-09-03;38178.87;40457.9;198804.52;198834.34
Conta C;2022-09-04;50158.46;70901.37;178061.61;178088.32
Conta C;2022-09-05;0.0;27053.53;151008.08;151030.73
Conta C;2022-09-06;37710.49;28407.77;160310.8;160334.85
Conta C;2022-09-07;13166.45;27803.09;145674.16;145696.01
Conta C;2022-09-08;39521.86;7753.48;177442.54;177469.16
Conta C;2022-09-09;87249.26;68788.81;195902.99;195932.38
Conta C;2022-09-10;52932.86;0.0;248835.85;248873.18
Conta C;2022-09-11;9573.49;10245.32;248164.02;248201.24
Conta C;2022-09-12;16339.69;0.0;264503.71;264543.39
Conta C;2022-09-13;26425.74;20384.67;270544.78;270585.36
Conta C;2022-09-14;0.0;71614.95;198929.83;198959.67
Conta C;2022-09-15;29956.05;45914.78;182971.1;182998.55
Conta C;2022-09-16;56547.61;26944.14;212574.57;212606.46
Conta C;2022-09-17;17036.11;10352.71;219257.97;219290.86
Conta C;2022-09-18;0.0;31659.53;187598.44;187626.58
Conta C;2022-09-19;22898.83;6198.41;204298.86;204329.5
Conta C;2022-09-20;47779.41;13161.29;238916.98;238952.82
Conta C;2022-09-21;35895.97;0.0;274812.95;274854.17
Conta C;2022-09-22;34959.81;22473.48;287299.28;287342.37
Conta C;2022-09-23;23730.49;39606.56;271423.21;271463.92
Conta C;2022-09-24;16793.93;88498.11;199719.03;199748.99
Conta C;2022-09-25;17229.18;9122.67;207825.54;207856.71
Conta C;2022-09-26;78041.39;28176.39;257690.54;257729.19
Conta C;2022-09-27;19267.95;31626.04;245332.45;245369.25
Conta C;2022-09-28;23721.78;28381.1;240673.13;240709.23
Conta C;2022-09-29;17098.28;0.0;257771.41;257810.08
Conta C;2022-09-30;12018.04;19590.37;250199.08;250236.61
Conta C;2022-10-01;16021.39;62953.85;203266.62;203297.11
Conta C;2022-10-02;8264.88;64625.95;146905.55;146927.59
Conta C;2022-10-03;6835.69;40241.02;113500.22;113517.25
Conta C;2022-10-04;20615.99;38010.21;96106.0;96120.42
Conta C;2022-10-05;24208.99;54157.46;66157.53;66167.45
Conta C;2022-10-06;34078.69;49400.95;50835.27;50842.9
Conta C;2022-10-07;18653.23;62580.29;6908.21;6909.25
Conta C;2022-10-08;39904.57;11509.99;35302.79;35308.09
Conta C;2022-10-09;33282.7;81085.51;-12500.02;-12500.02
Conta C;2022-10-10;10507.12;11943.53;-13936.43;-13936.43
Conta C;2022-10-11;16278.83;29996.6;-27654.2;-27654.2
Conta C;2022-10-12;0.0;17275.44;-44929.64;-44929.64
Conta C;2022-10-13;41808.11;0.0;-3121.53;-3121.53
Conta C;2022-10-14;0.0;77003.18;-80124.71;-80124.71
Conta C;2022-10-15;26651.51;14794.96;-68268.16;-68268.16
Conta C;2022-10-16;20707.84;20968.29;-68528.61;-68528.61
Conta C;2022-10-17;14207.21;62029.12;-116350.52;-116350.52
Conta C;2022-10-18;34556.75;17512.2;-99305.97;-99305.97
Conta C;2022-10-19;43532.97;16956.6;-72729.6;-72729.6
Conta C;2022-10-20;11946.77;5334.7;-66117.53;-66117.53
Conta C;2022-10-21;0.0;23123.67;-89241.2;-89241.2
Conta C;2022-10-22;41285.88;26039.17;-73994.49;-73994.49
Conta C;2022-10-23;28272.24;8594.65;-54316.9;-54316.9
Conta C;2022-10-24;0.0;24728.85;-79045.75;-79045.75
Conta C;2022-10-25;24553.34;15699.37;-70191.78;-70191.78
Conta C;2022-10-26;1091.85;38188.36;-107288.29;-107288.29
Conta C;2022-10-27;14749.49;20439.04;-112977.84;-112977.84
Conta C;2022-10-28;42291.66;11458.05;-82144.23;-82144.23
Conta C;2022-10-29;27258.46;21159.27;-76045.04;-76045.04
Conta C;2022-10-30;28842.18;15751.39;-62954.25;-62954.25
Conta C;2022-10-31;43938.29;32380.06;-51396.02;-51396.02
Conta C;2022-11-01;6648.12;28038.18;-72786.08;-72786.08
Conta C;2022-11-02;19849.75;3443.69;-56380.02;-56380.02
Conta C;2022-11-03;38931.52;31333.37;-48781.87;-48781.87
Conta C;2022-11-04;55291.19;38663.32;-32154.0;-32154.0
Conta C;2022-11-05;36504.54;32924.52;-28573.98;-28573.98
Conta C;2022-11-06;24530.24;21078.82;-25122.56;-25122.56
Conta C;2022-11-07;25509.76;22968.92;-22581.72;-22581.72
Conta C;2022-11-08;4790.0;17757.99;-35549.71;-35549.71
Conta C;2022-11-09;47981.13;39938.34;-27506.92;-27506.92
Conta C;2022-11-10;53453.92;44439.28;-18492.28;-18492.28
Conta C;2022-11-11;6727.86;30611.41;-42375.83;-42375.83
Conta C;2022-11-12;31787.97;22149.71;-32737.57;-32737.57
Conta C;2022-11-13;40767.8;0.0;8030.23;8031.43
Conta C;2022-11-14;30645.22;18488.53;20186.92;20189.95
Conta C;2022-11-15;30067.96;21533.39;28721.49;28725.8
Conta C;2022-11-16;33669.13;23891.58;38499.04;38504.81
Conta C;2022-11-17;60250.11;23902.29;74846.86;74858.09
Conta C;2022-11-18;12677.82;0.0;87524.68;87537.81
Conta C;2022-11-19;22485.59;31835.39;78174.88;78186.61
Conta C;2022-11-20;17252.03;44504.18;50922.73;50930.37
Conta C;2022-11-21;0.0;10656.73;40266.0;40272.04
Conta C;2022-11-22;39396.23;58802.12;20860.11;20863.24
Conta C;2022-11-23;22717.08;31308.31;12268.88;12270.72
Conta C;2022-11-24;17516.23;6314.96;23470.15;23473.67
Conta C;2022-11-25;39521.0;0.0;62991.15;63000.6
Conta C;2022-11-26;26432.74;22737.52;66686.37;66696.37
Conta C;2022-11-27;8394.29;4801.48;70279.18;70289.72
Conta C;2022-11-28;42771.56;473.67;112577.07;112593.96
Conta C;2022-11-29;26593.71;45519.84;93650.94;93664.99
Conta C;2022-11-30;16946.66;30587.42;80010.18;80022.18
Conta C;2022-12-02;14359.19;41856.24;52513.13;52521.01
Conta C;2022-12-03;21371.07;10425.07;63459.13;63468.65
Conta C;2022-12-04;50341.32;52901.91;60898.54;60907.67
Conta C;2022-12-05;53215.07;18070.33;96043.28;96057.69
Conta C;2022-12-06;41548.42;39577.25;98014.45;98029.15
Conta C;2022-12-07;4634.44;66416.82;36232.07;36237.5
Conta C;2022-12-08;18433.15;4049.98;50615.24;50622.83
Conta C;2022-12-09;51396.91;37304.0;64708.15;64717.86
Conta C;2022-12-10;9910.26;26719.53;47898.88;47906.06
Conta C;2022-12-11;22079.47;55814.12;14164.23;14166.35
Conta C;2022-12-12;23115.97;13836.63;23443.57;23447.09
Conta C;2022-12-13;25067.1;42112.38;6398.29;6399.25
Conta C;2022-12-14;12736.49;76704.12;-57569.34;-57569.34
Conta C;2022-12-15;53373.73;50211.45;-54407.06;-54407.06
Conta C;2022-12-16;36108.51;11937.08;-30235.63;-30235.63
Conta C;2022-12-17;7169.46;15089.63;-38155.8;-38155.8
Conta C;2022-12-18;24516.96;36794.25;-50433.09;-50433.09
Conta C;2022-12-19;25834.31;14626.77;-39225.55;-39225.55
Conta C;2022-12-20;35754.66;47391.04;-50861.93;-50861.93
Conta C;2022-12-21;9560.57;13214.02;-54515.38;-54515.38
Conta C;2022-12-22;34543.76;65258.28;-85229.9;-85229.9
Conta C;2022-12-23;8389.74;21113.01;-97953.17;-97953.17
Conta C;2022-12-24;9539.48;17959.38;-106373.07;-106373.07
Conta C;2022-12-25;51356.67;41280.36;-96296.76;-96296.76
Conta C;2022-12-26;9504.03;21700.29;-108493.02;-108493.02
Conta C;2022-12-27;33424.37;10140.96;-85209.61;-85209.61
Conta C;2022-12-28;52467.58;43028.16;-75770.19;-75770.19
Conta C;2022-12-29;11579.16;0.0;-64191.03;-64191.03
Conta C;2022-12-30;31707.85;35044.6;-67527.78;-67527.78
Conta C;2022-12-31;13937.9;22817.94;-76407.82;-76407.82
Conta E;2022-07-01;7640.42;30588.67;-22948.25;-22948.25
Conta E;2022-07-02;45362.87;8836.49;13578.13;13580.17
Conta E;2022-07-03;8883.17;16407.31;6053.99;6054.9
Conta E;2022-07-04;38576.32;50496.57;-5866.26;-5866.26
Conta E;2022-07-05;23360.06;37749.55;-20255.75;-20255.75
Conta E;2022-07-06;24200.21;18143.4;-14198.94;-14198.94
Conta E;2022-07-07;70836.33;7011.76;49625.63;49633.07
Conta E;2022-07-08;32574.42;14422.39;67777.66;67787.83
Conta E;2022-07-09;2645.0;13361.37;57061.29;57069.85
Conta E;2022-07-10;33609.88;0.0;90671.17;90684.77
Conta E;2022-07-11;18465.88;11969.41;97167.64;97182.22
Conta E;2022-07-12;9802.59;47892.25;59077.98;59086.84
Conta E;2022-07-13;0.0;36328.8;22749.18;22752.59
Conta E;2022-07-14;99970.31;21180.13;101539.36;101554.59
Conta E;2022-07-15;2134.99;70445.78;33228.57;33233.55
Conta E;2022-07-16;54578.54;73912.42;13894.69;13896.77
Conta E;2022-07-17;58896.86;0.0;72791.55;72802.47
Conta E;2022-07-18;53839.38;25960.75;100670.18;100685.28
Conta E;2022-07-19;2004.5;39203.76;63470.92;63480.44
Conta E;2022-07-20;0.0;45695.81;17775.11;17777.78
Conta E;2022-07-21;12116.22;2678.1;27213.23;27217.31
Conta E;2022-07-22;42362.72;33402.69;36173.26;36178.69
Conta E;2022-07-23;28711.79;21323.06;43561.99;43568.52
Conta E;2022-07-24;3860.93;30331.91;17091.01;17093.57
Conta E;2022-07-25;38288.64;30962.39;24417.26;24420.92
Conta E;2022-07-26;28178.61;44102.97;8492.9;8494.17
Conta E;2022-07-27;37609.29;0.0;46102.19;46109.11
Conta E;2022-07-28;294.97;56564.43;-10167.27;-10167.27
Conta E;2022-07-29;53580.1;15510.95;27901.88;27906.07
Conta E;2022-07-30;33239.65;8916.59;52224.94;52232.77
Conta E;2022-07-31;13769.3;11068.38;54925.86;54934.1
Conta E;2022-08-01;20053.97;1910.48;73069.35;73080.31
Conta E;2022-08-02;6014.71;22903.9;56180.16;56188.59
Conta E;2022-08-03;7048.31;23085.28;40143.19;40149.21
Conta E;2022-08-04;44410.33;41650.83;42902.69;42909.13
Conta E;2022-08-05;37208.67;22131.25;57980.11;57988.81
Conta E;2022-08-06;18081.44;792.25;75269.3;75280.59
Conta E;2022-08-07;10239.74;31780.58;53728.46;53736.52
Conta E;2022-08-08;36264.66;23864.89;66128.23;66138.15
Conta E;2022-08-09;12333.12;30711.9;47749.45;47756.61
Conta E;2022-08-10;55603.68;39371.66;63981.47;63991.07
Conta E;2022-08-11;36772.0;10049.27;90704.2;90717.81
Conta E;2022-08-12;13146.13;35610.82;68239.51;68249.75
Conta E;2022-08-13;20511.66;32631.92;56119.25;56127.67
Conta E;2022-08-14;13503.49;1530.92;68091.82;68102.03
Conta E;2022-08-15;3003.08;23116.6;47978.3;47985.5
Conta E;2022-08-16;9943.22;67665.23;-9743.71;-9743.71
Conta E;2022-08-17;8486.68;28826.16;-30083.19;-30083.19
Conta E;2022-08-18;26242.38;35817.33;-39658.14;-39658.14
Conta E;2022-08-19;33785.37;31113.23;-36986.0;-36986.0
Conta E;2022-08-20;9030.26;14945.21;-42900.95;-42900.95
Conta E;2022-08-21;27836.44;4793.36;-19857.87;-19857.87
Conta E;2022-08-22;67366.87;62965.29;-15456.29;-15456.29
Conta E;2022-08-23;30907.1;14378.87;1071.94;1072.1
Conta E;2022-08-24;134883.79;3953.56;132002.17;132021.97
Conta E;2022-08-25;2986.61;0.0;134988.78;135009.03
Conta E;2022-08-26;13437.27;4277.12;144148.93;144170.55
Conta E;2022-08-27;1336.98;30382.54;115103.37;115120.64
Conta E;2022-08-28;9525.32;32193.39;92435.3;92449.17
Conta E;2022-08-29;59500.83;18363.01;133573.12;133593.16
Conta E;2022-08-30;5470.06;36787.01;102256.17;102271.51
Conta E;2022-08-31;20459.69;21949.3;100766.56;100781.67
Conta E;2022-09-01;18781.58;29791.2;89756.94;89770.4
Conta E;2022-09-02;93149.51;7373.23;175533.22;175559.55
Conta E;2022-09-03;26380.77;16250.84;185663.15;185691.0
Conta E;2022-09-04;24370.62;27206.06;182827.71;182855.13
Conta E;2022-09-05;33004.33;66444.05;149387.99;149410.4
Conta E;2022-09-06;70377.47;13247.69;206517.77;206548.75
Conta E;2022-09-07;25881.11;28363.87;204035.01;204065.62
Conta E;2022-09-08;5019.81;25229.87;183824.95;183852.52
Conta E;2022-09-09;58686.17;495.68;242015.44;242051.74
Conta E;2022-09-10;33411.27;20241.96;255184.75;255223.03
Conta E;2022-09-11;27914.65;34490.87;248608.53;248645.82
Conta E;2022-09-12;56395.58;28523.14;276480.97;276522.44
Conta E;2022-09-13;3322.06;38896.77;240906.26;240942.4
Conta E;2022-09-14;163.22;6253.82;234815.66;234850.88
Conta E;2022-09-15;30443.7;16236.0;249023.36;249060.71
Conta E;2022-09-16;12194.94;9115.95;252102.35;252140.17
Conta E;2022-09-17;1575.57;50648.66;203029.26;203059.71
Conta E;2022-09-18;9828.62;7258.75;205599.13;205629.97
Conta E;2022-09-19;14451.62;49078.77;170971.98;170997.63
Conta E;2022-09-20;0.0;40521.25;130450.73;130470.3
Conta E;2022-09-21;10627.12;40281.67;100796.18;100811.3
Conta E;2022-09-22;11018.86;42436.99;69378.05;69388.46
Conta E;2022-09-23;22548.3;27180.15;64746.2;64755.91
Conta E;2022-09-24;0.0;19473.99;45272.21;45279.0
Conta E;2022-09-25;0.0;14435.09;30837.12;30841.75
Conta E;2022-09-26;29941.64;31302.62;29476.14;29480.56
Conta E;2022-09-27;27643.03;33136.95;23982.22;23985.82
Conta E;2022-09-28;5520.57;63455.7;-33952.91;-33952.91
Conta E;2022-09-29;22949.05;0.0;-11003.86;-11003.86
Conta E;2022-09-30;22969.58;18957.62;-6991.9;-6991.9
Conta E;2022-10-01;50490.2;17063.78;26434.52;26438.49
Conta E;2022-10-02;24953.96;32431.23;18957.25;18960.09
Conta E;2022-10-03;19676.26;25964.23;12669.28;12671.18
Conta E;2022-10-04;0.0;27610.02;-14940.74;-14940.74
Conta E;2022-10-05;24781.81;28065.08;-18224.01;-18224.01
Conta E;2022-10-07;11236.43;959.59;-7947.17;-7947.17
Conta E;2022-10-08;41039.65;29799.97;3292.51;3293.0
Conta E;2022-10-09;0.0;17494.03;-14201.52;-14201.52
Conta E;2022-10-10;51348.85;6667.59;30479.74;30484.31
Conta E;2022-10-11;15410.28;6146.83;39743.19;39749.15
Conta E;2022-10-12;55514.88;36847.58;58410.49;58419.25
Conta E;2022-10-13;29344.42;10791.83;76963.08;76974.62
Conta E;2022-10-14;15424.45;15235.44;77152.09;77163.66
Conta E;2022-10-15;31392.33;16321.81;92222.61;92236.44
Conta E;2022-10-16;41677.41;71652.93;62247.09;62256.43
Conta E;2022-10-17;9189.54;21071.85;50364.78;50372.33
Conta E;2022-10-18;26492.03;4400.48;72456.33;72467.2
Conta E;2022-10-19;11782.26;56190.9;28047.69;28051.9
Conta E;2022-10-20;8896.99;14248.28;22696.4;22699.8
Conta E;2022-10-21;8827.67;80233.17;-48709.1;-48709.1
Conta E;2022-10-22;31205.53;33614.12;-51117.69;-51117.69
Conta E;2022-10-23;22451.88;77316.81;-105982.62;-105982.62
Conta E;2022-10-24;61742.04;39010.03;-83250.61;-83250.61
Conta E;2022-10-25;12076.72;13976.94;-85150.83;-85150.83
Conta E;2022-10-26;32565.37;0.0;-52585.46;-52585.46
Conta E;2022-10-27;30360.87;47002.09;-69226.68;-69226.68
Conta E;2022-10-28;9659.88;23093.59;-82660.39;-82660.39
Conta E;2022-10-29;14123.28;0.0;-68537.11;-68537.11
Conta E;2022-10-30;13925.43;65016.84;-119628.52;-119628.52
Conta E;2022-10-31;57556.81;18091.37;-80163.08;-80163.08
Conta E;2022-11-01;3287.68;44859.88;-121735.28;-121735.28
Conta E;2022-11-02;0.0;24707.82;-146443.1;-146443.1
Conta E;2022-11-03;56380.2;23007.63;-113070.53;-113070.53
Conta E;2022-11-04;30251.74;21100.43;-103919.22;-103919.22
Conta E;2022-11-05;39312.14;4844.64;-69451.72;-69451.72
Conta E;2022-11-06;26356.36;16766.82;-59862.18;-59862.18
Conta E;2022-11-07;0.0;70952.63;-130814.81;-130814.81
Conta E;2022-11-08;26361.05;60411.51;-164865.27;-164865.27
Conta E;2022-11-09;56614.42;60862.28;-169113.13;-169113.13
Conta E;2022-11-10;16828.31;17602.42;-169887.24;-169887.24
Conta E;2022-11-11;8143.69;62514.58;-224258.13;-224258.13
Conta E;2022-11-12;18633.07;28857.61;-234482.67;-234482.67
Conta E;2022-11-13;10453.0;40584.26;-264613.93;-264613.93
Conta E;2022-11-14;25416.38;39681.4;-278878.95;-278878.95
Conta E;2022-11-15;18181.76;35033.04;-295730.23;-295730.23
Conta E;2022-11-16;18025.77;0.0;-277704.46;-277704.46
Conta E;2022-11-17;10695.26;15846.05;-282855.25;-282855.25
Conta E;2022-11-18;0.0;37497.85;-320353.1;-320353.1
Conta E;2022-11-19;32984.27;41894.47;-329263.3;-329263.3
Conta E;2022-11-20;43285.27;27620.27;-313598.3;-313598.3
Conta E;2022-11-21;48267.63;18447.01;-283777.68;-283777.68
Conta E;2022-11-22;8721.19;50307.27;-325363.76;-325363.76
Conta E;2022-11-23;5664.62;19540.71;-339239.85;-339239.85
Conta E;2022-11-24;42565.83;26267.0;-322941.02;-322941.02
Conta E;2022-11-25;19653.24;19093.95;-322381.73;-322381.73
Conta E;2022-11-26;20691.44;27428.86;-329119.15;-329119.15
Conta E;2022-11-27;76774.49;14798.8;-267143.46;-267143.46
Conta E;2022-11-28;29121.51;14031.86;-252053.81;-252053.81
Conta E;2022-11-29;12938.86;30747.44;-269862.39;-269862.39
Conta E;2022-11-30;46098.26;41740.21;-265504.34;-265504.34
Conta E;2022-12-01;18599.37;33020.8;-279925.77;-279925.77
Conta E;2022-12-02;13576.11;41494.7;-307844.36;-307844.36
Conta E;2022-12-03;13237.78;24389.25;-318995.83;-318995.83
Conta E;2022-12-04;43237.8;19667.43;-295425.46;-295425.46
Conta E;2022-12-05;35730.91;33213.64;-292908.19;-292908.19
Conta E;2022-12-06;61070.14;2393.71;-234231.76;-234231.76
Conta E;2022-12-07;23897.6;13562.77;-223896.93;-223896.93
Conta E;2022-12-08;71728.08;18688.56;-170857.41;-170857.41
Conta E;2022-12-09;18258.47;73633.52;-226232.46;-226232.46
Conta E;2022-12-10;9366.68;9512.86;-226378.64;-226378.64
Conta E;2022-12-11;63612.99;33961.32;-196726.97;-196726.97
Conta E;2022-12-12;0.0;6492.71;-203219.68;-203219.68
Conta E;2022-12-13;28851.41;11735.08;-186103.35;-186103.35
Conta E;2022-12-14;15000.12;43228.89;-214332.12;-214332.12
Conta E;2022-12-15;31759.5;21916.55;-204489.17;-204489.17
Conta E;2022-12-16;26252.57;16943.17;-195179.77;-195179.77
Conta E;2022-12-17;19122.34;24172.97;-200230.4;-200230.4
Conta E;2022-12-18;52323.34;50412.44;-198319.5;-198319.5
Conta E;2022-12-19;16934.76;30118.55;-211503.29;-211503.29
Conta E;2022-12-20;11835.52;49423.56;-249091.33;-249091.33
Conta E;2022-12-21;33750.83;12089.43;-227429.93;-227429.93
Conta E;2022-12-22;64816.25;26771.34;-189385.02;-189385.02
Conta E;2022-12-23;37355.57;57072.42;-209101.87;-209101.87
Conta E;2022-12-24;5221.49;7215.66;-211096.04;-211096.04
Conta E;2022-12-25;51699.62;45851.16;-205247.58;-205247.58
Conta E;2022-12-26;17187.04;31598.12;-219658.66;-219658.66
Conta E;2022-12-27;52047.98;5938.43;-173549.11;-173549.11
Conta E;2022-12-28;53894.88;15207.73;-134861.96;-134861.96
Conta E;2022-12-29;21606.19;28581.19;-141836.96;-141836.96
Conta E;2022-12-30;13967.78;19937.56;-147806.74;-147806.74
Conta E;2022-12-31;34734.02;51308.05;-164380.77;-164380.77
Conta F;2022-07-01;7286.76;17756.23;-10469.47;-10469.47
Conta F;2022-07-02;22647.1;15625.79;-3448.16;-3448.16
Conta F;2022-07-03;47504.91;8487.22;35569.53;35574.87
Conta F;2022-07-04;13193.89;37208.38;11555.04;11556.77
Conta F;2022-07-05;52743.95;24957.32;39341.67;39347.57
Conta F;2022-07-06;27006.14;49421.46;16926.35;16928.89
Conta F;2022-07-07;12822.76;34730.33;-4981.22;-4981.22
Conta F;2022-07-08;43869.29;52579.82;-13691.75;-13691.75
Conta F;2022-07-09;26601.38;20231.24;-7321.61;-7321.61
Conta F;2022-07-10;4091.39;37955.36;-41185.58;-41185.58
Conta F;2022-07-11;39577.61;9855.76;-11463.73;-11463.73
Conta F;2022-07-12;26239.92;12518.15;2258.04;2258.38
Conta F;2022-07-13;24737.17;35640.16;-8644.95;-8644.95
Conta F;2022-07-14;14717.6;29963.64;-23890.99;-23890.99
Conta F;2022-07-15;41549.54;19844.92;-2186.37;-2186.37
Conta F;2022-07-16;4500.07;28252.82;-25939.12;-25939.12
Conta F;2022-07-17;22241.49;22465.4;-26163.03;-26163.03
Conta F;2022-07-18;45219.08;38174.95;-19118.9;-19118.9
Conta F;2022-07-19;19776.73;29844.21;-29186.38;-29186.38
Conta F;2022-07-20;15129.99;37917.17;-51973.56;-51973.56
Conta F;2022-07-21;0.0;22249.18;-74222.74;-74222.74
Conta F;2022-07-22;10105.18;0.0;-64117.56;-64117.56
Conta F;2022-07-23;50451.8;18138.35;-31804.11;-31804.11
Conta F;2022-07-24;50921.41;15115.97;4001.33;4001.93
Conta F;2022-07-25;60546.09;23188.7;41358.72;41364.92
Conta F;2022-07-26;12334.58;36468.48;17224.82;17227.4
Conta F;2022-07-27;8309.7;39454.57;-13920.05;-13920.05
Conta F;2022-07-28;30894.95;14370.25;2604.65;2605.04
Conta F;2022-07-29;7970.1;42728.83;-32154.08;-32154.08
Conta F;2022-07-30;58903.22;12540.88;14208.26;14210.39
Conta F;2022-07-31;59535.33;2788.53;70955.06;70965.7
Conta F;2022-08-01;14643.58;61094.62;24504.02;24507.7
Conta F;2022-08-02;12075.06;5164.03;31415.05;31419.76
Conta F;2022-08-03;58891.15;37523.02;52783.18;52791.1
Conta F;2022-08-04;57476.19;935.35;109324.02;109340.42
Conta F;2022-08-05;11883.56;44397.07;76810.51;76822.03
Conta F;2022-08-06;37526.25;40476.71;73860.05;73871.13
Conta F;2022-08-07;45204.36;23416.98;95647.43;95661.78
Conta F;2022-08-08;34942.29;28012.36;102577.36;102592.75
Conta F;2022-08-09;35020.82;41188.22;96409.96;96424.42
Conta F;2022-08-10;54968.17;9464.13;141914.0;141935.29
Conta F;2022-08-11;16287.72;24352.67;133849.05;133869.13
Conta F;2022-08-12;21736.94;35006.85;120579.14;120597.23
Conta F;2022-08-13;29151.79;29342.09;120388.84;120406.9
Conta F;2022-08-14;17282.54;19080.81;118590.57;118608.36
Conta F;2022-08-15;53283.66;39775.84;132098.39;132118.2
Conta F;2022-08-16;53635.13;18369.98;167363.54;167388.64
Conta F;2022-08-17;31926.7;17731.25;181558.99;181586.22
Conta F;2022-08-18;10149.27;0.0;191708.26;191737.02
Conta F;2022-08-19;12341.18;7460.99;196588.45;196617.94
Conta F;2022-08-20;0.0;35292.96;161295.49;161319.68
Conta F;2022-08-21;19697.17;10106.72;170885.94;170911.57
Conta F;2022-08-22;31775.41;29574.63;173086.72;173112.68
Conta F;2022-08-23;19948.78;11502.84;181532.66;181559.89
Conta F;2022-08-24;19548.33;27282.52;173798.47;173824.54
Conta F;2022-08-25;27199.02;0.0;200997.49;201027.64
Conta F;2022-08-26;17487.94;67970.56;150514.87;150537.45
Conta F;2022-08-27;59214.49;6807.63;202921.73;202952.17
Conta F;2022-08-28;29506.1;5579.38;226848.45;226882.48
Conta F;2022-08-29;32030.01;30997.96;227880.5;227914.68
Conta F;2022-08-30;31110.31;13888.94;245101.87;245138.64
Conta F;2022-08-31;24919.16;1492.31;268528.72;268569.0
Conta F;2022-09-01;10350.09;38920.06;239958.75;239994.74
Conta F;2022-09-02;22970.21;6424.28;256504.68;256543.16
Conta F;2022-09-03;33696.17;58807.57;231393.28;231427.99
Conta F;2022-09-04;52911.2;42933.75;241370.73;241406.94
Conta F;2022-09-05;4118.56;60233.86;185255.43;185283.22
Conta F;2022-09-06;348.14;0.0;185603.57;185631.41
Conta F;2022-09-07;37673.1;5871.47;217405.2;217437.81
Conta F;2022-09-08;17733.11;35508.77;199629.54;199659.48
Conta F;2022-09-09;18582.73;0.0;218212.27;218245.0
Conta F;2022-09-10;4598.43;27434.32;195376.38;195405.69
Conta F;2022-09-11;23141.48;49785.4;168732.46;168757.77
Conta F;2022-09-12;25964.95;23624.83;171072.58;171098.24
Conta F;2022-09-13;23921.99;30414.2;164580.37;164605.06
Conta F;2022-09-14;43962.22;33546.62;174995.97;175022.22
Conta F;2022-09-15;25449.13;40391.97;160053.13;160077.14
Conta F;2022-09-16;17806.26;0.0;177859.39;177886.07
Conta F;2022-09-17;53414.22;17527.88;213745.73;213777.79
Conta F;2022-09-18;57937.29;38098.23;233584.79;233619.83
Conta F;2022-09-19;37023.36;2120.91;268487.24;268527.51
Conta F;2022-09-20;15368.37;12529.81;271325.8;271366.5
Conta F;2022-09-21;0.0;53095.72;218230.08;218262.81
Conta F;2022-09-22;32243.06;4218.47;246254.67;246291.61
Conta F;2022-09-23;14020.7;4334.73;255940.64;255979.03
Conta F;2022-09-24;24726.13;28918.69;251748.08;251785.84
Conta F;2022-09-25;20845.25;38840.45;233752.88;233787.94
Conta F;2022-09-26;4252.37;47591.45;190413.8;190442.36
Conta F;2022-09-27;57061.82;32335.57;215140.05;215172.32
Conta F;2022-09-28;38256.23;1374.37;252021.91;252059.71
Conta F;2022-09-29;0.0;42329.26;209692.65;209724.1
Conta F;2022-09-30;25685.15;52339.65;183038.15;183065.61
Conta F;2022-10-01;32955.68;62789.53;153204.3;153227.28
Conta F;2022-10-02;57550.33;17838.23;192916.4;192945.34
Conta F;2022-10-03;20609.45;5948.19;207577.66;207608.8
Conta F;2022-10-04;0.0;46954.2;160623.46;160647.55
Conta F;2022-10-05;1534.38;31954.88;130202.96;130222.49
Conta F;2022-10-06;35870.78;360.93;165712.81;165737.67
Conta F;2022-10-07;19757.18;55974.28;129495.71;129515.13
Conta F;2022-10-08;47221.66;20778.41;155938.96;155962.35
Conta F;2022-10-09;19221.75;42183.0;132977.71;132997.66
Conta F;2022-10-10;23980.29;10273.77;146684.23;146706.23
Conta F;2022-10-11;18008.03;48542.82;116149.44;116166.86
Conta F;2022-10-12;26127.18;18204.04;124072.58;124091.19
Conta F;2022-10-13;17370.86;75015.06;66428.38;66438.34
Conta F;2022-10-14;39220.83;16048.82;89600.39;89613.83
Conta F;2022-10-15;38309.09;6054.76;121854.72;121873.0
Conta F;2022-10-16;38888.93;8748.53;151995.12;152017.92
Conta F;2022-10-17;34497.47;34220.64;152271.95;152294.79
Conta F;2022-10-18;32043.85;42237.01;142078.79;142100.1
Conta F;2022-10-19;10552.51;0.0;152631.3;152654.19
Conta F;2022-10-20;16430.23;27950.14;141111.39;141132.56
Conta F;2022-10-21;84341.12;47744.28;177708.23;177734.89
Conta F;2022-10-22;10162.84;20630.85;167240.22;167265.31
Conta F;2022-10-23;5552.34;15653.2;157139.36;157162.93
Conta F;2022-10-24;48215.5;48701.88;156652.98;156676.48
Conta F;2022-10-25;24911.56;19923.14;161641.4;161665.65
Conta F;2022-10-26;8868.75;1636.27;168873.88;168899.21
Conta F;2022-10-27;24844.85;10246.41;183472.32;183499.84
Conta F;2022-10-28;29781.27;25192.38;188061.21;188089.42
Conta F;2022-10-29;23359.87;83993.78;127427.3;127446.41
Conta F;2022-10-30;35103.19;7740.88;154789.61;154812.83
Conta F;2022-10-31;0.0;9862.72;144926.89;144948.63
Conta F;2022-11-01;50067.36;13783.99;181210.26;181237.44
Conta F;2022-11-02;10888.99;32283.27;159815.98;159839.95
Conta F;2022-11-03;72404.78;53942.25;178278.51;178305.25
Conta F;2022-11-04;91696.12;17172.77;252801.86;252839.78
Conta F;2022-11-05;30630.24;36328.46;247103.64;247140.71
Conta F;2022-11-06;42231.17;6345.65;282989.16;283031.61
Conta F;2022-11-07;44895.18;17719.25;310165.09;310211.61
Conta F;2022-11-08;34123.37;57182.76;287105.7;287148.77
Conta F;2022-11-09;3938.21;24075.05;266968.86;267008.91
Conta F;2022-11-10;5315.76;61745.68;210538.94;210570.52
Conta F;2022-11-11;37488.06;0.0;248027.0;248064.2
Conta F;2022-11-12;48285.54;34596.44;261716.1;261755.36
Conta F;2022-11-13;26634.04;41253.89;247096.25;247133.31
Conta F;2022-11-14;32355.21;28003.79;251447.67;251485.39
Conta F;2022-11-15;23295.55;63847.93;210895.29;210926.92
Conta F;2022-11-16;38795.06;32840.7;216849.65;216882.18
Conta F;2022-11-17;6915.2;17658.74;206106.11;206137.03
Conta F;2022-11-18;16031.01;0.0;222137.12;222170.44
Conta F;2022-11-19;54790.35;2749.18;274178.29;274219.42
Conta F;2022-11-20;2021.7;39794.44;236405.55;236441.01
Conta F;2022-11-21;26453.96;33785.93;229073.58;229107.94
Conta F;2022-11-22;6161.04;18922.6;216312.02;216344.47
Conta F;2022-11-23;0.0;13104.44;203207.58;203238.06
Conta F;2022-11-24;54635.21;29701.03;228141.76;228175.98
Conta F;2022-11-25;0.0;6908.9;221232.86;221266.04
Conta F;2022-11-26;38421.51;17630.89;242023.48;242059.78
Conta F;2022-11-27;36236.87;40639.59;237620.76;237656.4
Conta F;2022-11-28;33886.4;51418.79;220088.37;220121.38
Conta F;2022-11-29;29165.47;0.0;249253.84;249291.23
Conta F;2022-11-30;22216.66;10240.38;261230.12;261269.3
Conta F;2022-12-01;58550.54;33784.77;285995.89;286038.79
Conta F;2022-12-02;34969.96;20013.21;300952.64;300997.78
Conta F;2022-12-03;18334.63;8991.95;310295.32;310341.86
Conta F;2022-12-04;17935.89;17558.91;310672.3;310718.9
Conta F;2022-12-05;33248.34;74789.82;269130.82;269171.19
Conta F;2022-12-06;20661.54;26251.41;263540.95;263580.48
Conta F;2022-12-07;74172.35;0.0;337713.3;337763.96
Conta F;2022-12-08;36944.51;43568.7;331089.11;331138.77
Conta F;2022-12-09;16901.71;39773.42;308217.4;308263.63
Conta F;2022-12-10;14785.06;45568.99;277433.47;277475.09
Conta F;2022-12-11;32894.5;101593.06;208734.91;208766.22
Conta F;2022-12-12;12985.26;34571.25;187148.92;187176.99
Conta F;2022-12-13;14103.81;11227.43;190025.3;190053.8
Conta F;2022-12-14;23840.55;29014.07;184851.78;184879.51
Conta F;2022-12-15;31573.92;0.0;216425.7;216458.16
Conta F;2022-12-16;17035.75;24414.99;209046.46;209077.82
Conta F;2022-12-17;13462.86;14322.05;208187.27;208218.5
Conta F;2022-12-18;18469.58;38302.92;188353.93;188382.18
Conta F;2022-12-19;59112.33;76916.37;170549.89;170575.47
Conta F;2022-12-20;34624.36;43024.55;162149.7;162174.02
Conta F;2022-12-21;51346.7;4268.19;209228.21;209259.59
Conta F;2022-12-22;13377.88;17545.34;205060.75;205091.51
Conta F;2022-12-23;3502.74;32504.24;176059.25;176085.66
Conta F;2022-12-24;133.27;40014.62;136177.9;136198.33
Conta F;2022-12-25;21791.5;21339.66;136629.74;136650.23
Conta F;2022-12-26;7310.85;24702.26;119238.33;119256.22
Conta F;2022-12-27;12914.35;21999.72;110152.96;110169.48
Conta F;2022-12-28;16694.56;55890.14;70957.38;70968.02
Conta F;2022-12-29;29221.01;15206.26;84972.13;84984.88
Conta F;2022-12-30;15767.01;18887.75;81851.39;81863.67
Conta F;2022-12-31;24907.52;3022.73;103736.18;103751.74
